{"balance": 26782734404721324378, "upgrade_prices": {"buy_bronze_coin": 136, "buy_silver_coin": 544, "buy_gold_coin": 1000, "silver_crit_upgrade": 500, "grab_upgrade": 500, "gold_explosion_upgrade": 2000, "wisp_spawn": 13590, "wisp_speed": 1000, "wisp_size": 1000, "spawn_zone_2": 27180, "spawn_zone_5": 135900, "upgrade_zone_2_size": 2000, "upgrade_zone_5_size": 5000, "upgrade_zone_2_mult": 3000, "upgrade_zone_5_mult": 7000}, "silver_crit_level": 1, "flags": {"has_gold_coin": false, "grab_purchased": false, "gold_explosion_unlocked": false}, "wisp": {"speed": 100, "scale": [0.33, 0.33], "x": 259.8808983293943, "y": 554.4784008603117, "vx": -39.24865494450076, "vy": 91.9757744465765}, "zones": [{"multiplier": 2.0, "size": 75, "x": 1227.3449417389058, "y": 593.1139509538818, "vx": 46.602771515524985, "vy": -85.81367158637053}, {"multiplier": 5.0, "size": 75, "x": 930.291967623234, "y": 440.95176663193183, "vx": -116.07218606332825, "vy": -10.217919219263486}], "coins": [{"type": "bronze", "x": 50.4773641863103, "y": 640.7990172663642, "vx": 0, "vy": 0, "scale": 0.8, "is_moving": false}, {"type": "silver", "x": 370.11525346114865, "y": 902.3267900697049, "vx": 0, "vy": 0, "scale": 1.1, "is_moving": false}, {"type": "bronze", "x": 522.97847839394, "y": 233.26880764928472, "vx": 0, "vy": 0, "scale": 0.8, "is_moving": false}]}